0.043703416381730364,-0.1130527840212841,0.058428797813963644,-0.088033489137931145,-0.059305435444672074,-0.0059295037639728945,-0.077419130512957679,0.077250964665121824,0.085313787712516631,0.074312570567345318,0.17097795067601629,0.1245416949284851,-0.02651880941952155,0.018141625150372816,0.14895716949402579,-0.10530181778473587,-0.014396148250170991,0.075303059418125012,0.016980099151601223,0.041452357549396156,0.014642319746772402,0.089284156033510365,-0.13983288622468082,-0.12173527112198874,-0.046535237318125311,0.093765123852860205,0.13050852125589726,-0.063271843995746674,-0.22338555152666278,0.0146879417214701,-0.11001400587965299,0.1044811943197676,0.06111701698599941,0.035235007503078876,-0.07061611505328752,0.10189325004354831,-0.042095103099346914,0.10567802390179636,0.017387732416031709,0.20661227742955998,0.12391544025450363,-0.018985639956658956,0.15683693124430451,0.0054391119534310623,0.048749557252903988,-0.054474631586657343,0.10534781867074597,0.04008556694339712,0.063934818775073538,0.047911113188210556
0.10999394519919108,0.035405570843473649,-0.01446488281457501,0.14551953965026102,-0.010299753784794788,-0.1685022106721186,-0.05749890677783271,0.13191799550923886,0.080226503305283373,0.06674144555303034,0.079294334784403869,-0.028661656729144842,0.18280941966501604,0.0054878546306619379,-0.15007761022799196,0.030150469782749049,-0.036418889911565867,0.23144999100542535,0.015794881357714344,0.21561620998848141,0.052117472643085049,-0.20435796282962712,0.091743309640857224,0.012478538787811331,-0.10689815909000161,-0.075348472289914606,0.23032725608598412,0.06854077309801046,0.02137337264463153,-0.0094911695668827636,0.10334690675257868,0.0091817933843700208,0.14315685561883523,0.056522774160770888,0.031223949993385142,0.3205172587766873,-0.028406634570734682,0.13466828867479808,-0.09850673148470078,0.015177106754998235,0.012659402961165118,-0.025577484773985634,0.0010990727285976904,-0.0040963690828260098,0.013176975535250185,-0.016889379975460431,-0.0051246259718577191,-0.0078175537162276827,0.03156575015167197,-0.13554587208805602
-0.053857963259807184,0.43664755191980459,-0.33411272306186002,-0.20330828423280675,-0.16978747785443743,0.2600711494748561,-0.079460207168760108,-0.1789353293633342,-0.003987090124884996,0.15992935882979209,0.070474360994111584,-0.28542343107394225,-0.4620180933015906,-0.074068869069489188,-0.045739817942035764,0.36606812083013984,-0.17468594671751561,-0.051371671531188989,0.0017143833318495497,-0.2276690887740597,-0.32071053123655147,0.11834354706171843,-0.2072975028695824,-0.26770601347918455,0.50736815981239658,0.095954457574068633,-0.2203489931116433,0.17683579081918846,0.57580404149272491,-0.11927913971341031,-0.24776240171428654,-0.1233480888331893,-0.24374534408816445,0.50901614201239076,-0.10573498334612676,-0.24125441049775634,0.51665810192560879,-0.2199577333090908,0.49750031628819152,-0.11239254353527711,0.46648100837900214,0.30356619564440701,0.25095384608234561,0.3836731886562863,0.19330602768370173,-0.33184413471426083,-0.24487441374868799,-0.40886411920300719,0.36434726004588508,0.32686605520896161
-0.16212496325497569,-0.028266289038572149,0.21882599313252443,-0.13741862956141482,0.27932025168150332,0.041249704960475593,-0.26051672927657404,-0.17651826673861376,-0.25809511341133501,-0.33413088379031136,-0.06498501705129392,0.043088656284928972,0.017119731122966712,0.29952168604857904,0.074742270951338785,0.012191011334649103,-0.12505890333325723,0.020174228586205219,-0.0014363740716322976,0.017611081800180759,0.096942649341046669,0.039094871081387254,-0.055277570305167924,-0.21376440039879641,0.003124218712733677,0.054512464190426574,0.04205782576964795,-0.21279052408976684,-0.26197957595604432,0.34470757876705693,-0.11093062794416504,-0.077817982559541921,-0.00018752363976121253,-0.052734228154465761,-0.15824746949097659,0.040267832755633184,0.0049368642535601217,0.022689814628418539,0.025732196055873412,0.31384280135578246,0.21634762396304827,0.010905590729494961,-0.021978751611399248,0.3563678955028392,-0.078307039904417716,0.28160872493074585,0.26024795113335231,0.014592632343417586,0.015844839605837401,0.025908841334330652
0.10167264527984568,-0.089400981839424562,-0.18629223691125252,0.021583314072785728,0.10448088453080154,9.1225425811804878e-05,-0.074319396814647387,-0.13433805108815813,0.11582183626069764,-0.083636233520680919,0.029746493572853961,-0.086213708523166038,0.0057575055188969692,-0.030629543537510712,0.041992458092621886,-0.055072379388892569,-0.018772112365765571,0.17435775500507703,0.015444836851609592,0.0085553500990481444,0.0085814054290689005,-0.013419877689066845,-0.041919965726297616,0.14950620061612685,0.14668034913119465,-0.084182026793335876,-0.012671862545832122,0.041382515491468062,0.1447123951331403,-0.00262358704795085,0.015212026959184,0.048775532200244567,0.037503779878812343,0.050776251014958119,0.011826163066217983,0.035660583033449482,0.14863302507918583,0.089613187473987277,0.038703555244674503,0.020107882616480152,-0.10705254030463573,-0.02567273469221211,-0.12383705927422479,0.0033278958573766978,0.18810002055026268,-0.18347463027510216,0.015338573302481321,-0.051625748387380016,0.002284379489899712,0.099455984311852458
-0.033529747517773253,-0.047314755732509088,0.0035678310600123792,-0.09937318350857649,-0.043685969936645648,0.039076936259619825,0.13199303735611032,-0.054218218595919423,0.11706795862232765,-0.077344093232807373,0.063517434098350006,-0.069587669834467,-0.049709146091817924,-0.18709489455909672,-0.11910165358752019,-0.021016667825031726,-0.12480682071512537,0.12258735234335205,-0.10712307382738509,0.1748368268631767,0.29930100757990491,-0.036104011397391278,-0.088848017505830976,-0.24478650854642103,-0.095267267037347558,0.083394622934216442,-0.073562616977960474,-0.026797635479114668,-0.044009881315446697,0.056454202085329988,0.18160808383208496,-0.11396817968361697,0.047332182855665927,-0.060439305899794238,0.080865208732715521,0.16715890319170107,0.071843006816011648,-0.23227966354238677,-0.00035508886598934283,-0.12369270359539848,-0.030610244871457717,-0.059074123333332167,-0.036913095138747819,0.037505513860894638,-0.010999080208026001,0.13828927545382147,0.0993077246520912,0.050473886255716353,0.014802809592035568,0.077384533370973174
-0.1326715992185071,-0.011564909099717269,-0.09809386571700901,-0.05865550333989851,-0.033123692804490949,0.13909328347571967,-0.017004605913050759,0.0059316724350723434,0.14892918417061049,0.19050634722170301,0.12340647768968345,-0.091224190222146007,0.17135342948452378,-0.12184536850949718,-0.051484801099990429,0.0049295682380816963,0.043574267943330157,0.1144286303429539,-0.053845026172464908,0.10850713373002088,-0.051825208681282577,0.17856788120288969,0.041849672806593623,-0.019177246659845524,0.17363704776097499,0.0077532755475509313,-0.07309219065628518,-0.089150127523580036,-0.022165839940571388,0.16812291838390425,0.009362600756628486,0.022990103658522793,0.1587757692289794,-0.019146424725233629,-0.039847650444005629,-0.034547964166472732,-0.11648119460537919,0.030253954866788009,-0.029529059046345854,-0.049225309254923709,-0.010317106248839587,-0.056298736079857685,0.098499252638816009,0.02698154338603383,-0.09970537719962784,0.17047580841293997,-0.13022173547090116,0.11640973092153323,-0.05180618221375427,0.015701802044008131
-0.089909181166110463,0.16703799120058016,0.12309426426523447,-0.016843050105546136,-0.0061034022575096047,0.22415217728967726,0.0069180879648479913,-0.073383191645636531,0.094391827178877133,0.057198771897295109,-0.092647023113452021,-0.046671055419436516,-0.072907343610456046,-0.10341473659717922,0.17045148373731756,0.024960070593343854,0.03215419531218406,-0.0066827839725006671,0.079022833878598195,-0.14700127245813097,0.013965041017412989,0.14302312927272709,-0.11893067588642992,0.13221407635912849,-0.10125279398174827,-0.29026035134957445,0.040412336629945915,0.00051699889321484569,0.049786474957105024,0.065894918193373508,0.077802624299532844,0.054774006464010372,-0.0026713877416488568,0.11420352601651013,0.012460887483352103,0.04042628361641902,-0.064076588751547578,-0.10405443619515869,-0.031102398819414147,-0.08871920514283492,0.075908646099042507,-0.10370056534207595,0.018803856650645524,0.060168659033030591,0.028745619793234325,-0.057849185292265626,0.10516233464985214,0.075637126139090793,-0.013755251422010251,-0.043888489434640549
0.086442172277832227,0.16807048312559966,0.02479401392236676,-0.15147155076616758,-0.19156256356734597,0.1022380075389859,-0.21562052733417233,-0.11647965090606482,-0.23057412343619804,-0.062602624032473728,0.098522001312399812,-0.10169298334320262,-0.095238564551854005,0.1940622009833198,-0.28823898247494939,0.36968030727366874,-0.1497755740518264,-0.13035827162156727,-0.084345891409670415,-0.099085477126626423,-0.10201577209699947,0.077503419483580083,-0.11632279092186715,0.017351105861395589,0.38960360967989011,0.41957061452029926,-0.19959964407779629,-0.18307230952640174,0.13414928317348432,-0.063754650607425925,-0.27334446364969728,-0.11310976395344671,-0.14779596161849115,0.31660383016030103,-0.072159204296005003,-0.17335305349085633,0.3831868943659047,-0.30347979940599701,0.27220983578815128,0.092360017665238367,0.26065786172301375,0.41131787891712851,0.24321850523752467,0.14549258524096992,0.18704044862315891,-0.24157048350267923,-0.13060748428518806,-0.21681691982116982,0.31091268202717837,0.31607808338496346
-0.61039868674163145,-0.097683214150959541,-0.03140949168634264,0.27017103977680501,-0.022239076788208884,-0.1516325270926574,0.097046210652978263,0.021165663793973968,0.072594393854376785,-0.012278958385010896,0.1199762306451549,-0.040294232769053716,0.10973991411123768,0.00059312403345995952,0.14121102613666359,0.031538547230972519,0.16312773685984491,-0.035768164889626176,-0.011255359797364703,0.084538311031625818,-0.042992379805868418,-0.19762313543555271,-0.061953752691879263,0.12971870499899044,0.1031778912000075,-0.037842094854640539,0.038059654257268143,0.086331199808278553,0.11462231487994856,-0.019889833376062996,0.09942753294214611,0.093806687194014707,0.14947365615387811,0.15104881656426394,0.13378120604978316,0.18392316063351541,0.0044557333477391152,0.1017880966995881,-0.039180626407735314,-0.002797296964803814,0.0014062169263521316,0.09396690949151526,0.044499664608193497,-0.013915950366697981,-0.027258195654897909,-0.039213463404986569,-0.02381087170233219,-0.071497694846272941,0.07629216119815295,-0.09516434349706468
0.043235496554722599,0.035110667373650081,-0.011369858183913707,-0.29259829644768337,-0.0063177274057806491,-0.2489305860732795,0.031801846195197055,0.088175650296492006,0.042169267149779477,0.076978843144100237,-0.046402298300258514,-0.010836246170670609,0.11598614394764965,0.0029339284429414367,0.30610685775652158,0.024638675351385669,0.0077751310401698,0.087255105943640804,0.0049357626674522139,0.017983806752544899,0.01326468909632186,-0.24365566969046124,0.011931230802567383,0.029827833898369679,-0.091638425828762929,-0.040836159226988931,0.059918145318972112,-0.052670269194746801,0.1016678029045287,-0.0048100121463829359,0.083645520574642238,0.070757198296943991,0.049111534647865947,0.10749673979534105,0.021211745147138049,0.15034884225675818,-0.0065204598608505446,0.10601014771986235,-0.039881673155810669,0.0081156817067126099,0.0047032103470515882,0.051362858857887501,0.0032452899626902038,-0.0045664310351615639,-0.061974166008902501,-0.011191275713303984,-0.0050504752660681133,-0.015103290155298156,0.032488623569881782,-0.13209294004956448
0.0092509344019069874,0.0070494577431764252,-0.041735198713960101,0.08855959140880415,0.0045639377993916142,-0.2094303436188136,0.079892821645709419,0.10055616378578272,0.11226025668956269,0.064337880217462826,-0.12493902015348222,0.052834378302870438,-0.013219534349107174,-0.15132865234438492,-0.040352677582366769,0.015456196452284535,0.024692127457895518,-0.074055585175964486,-0.26168819897997347,0.13664988396215344,0.025782244171660491,-0.10952612034776735,0.059162719468430505,-0.020435621005508824,0.028813227192831515,0.13491352888093541,0.035003783738406034,0.013788260782604584,-0.032079916898330688,-0.026642169246435379,0.16024447451965695,0.12875981128541847,-0.17227840658323648,-0.041896885157937054,0.057337214298860698,0.079434281528157874,0.066644716447425284,-0.2295198693629836,-0.11618863269413481,0.0035589862980792402,-0.1102973981290977,-0.012664612274725618,-0.018092188797893233,-0.06441508828611639,-0.13281182333505767,-0.13863189806423801,0.08659702996569657,0.14377760444418508,-0.020570773258940508,-0.043210285586156125
0.06967849752426851,-0.053323943813802288,0.092173506858534912,0.03185127813974032,-0.066711698075301751,0.23654837699355213,0.10508963378656787,-0.041583861739876722,0.037476894577367095,0.059996834813841805,-0.07827945233461131,-0.060466400054682248,-0.15107272116935028,-0.10033477592685142,-0.1238622080859334,-0.065770649045674243,-0.052487380624650248,0.14696244218686771,-0.0015231200451685791,-0.053412525385468423,-0.16076609263614045,0.13348091957666089,-0.075699599128667305,0.093066906620031184,0.020589004762778113,0.013080260094586422,-0.16637322473037666,0.014499579573438299,0.012374313872595296,0.013208067339658448,0.033360369298335052,0.0031606758875438235,0.066601163199123486,-0.08785281971082666,0.21753789566822099,0.24719824385282757,0.0014996880392161892,-0.17594307134455187,-0.096471472154529836,-0.076557397894043408,-0.01094727951124864,0.067545065702875537,-0.018652157003218105,-0.21853590567566245,0.055653573304952346,0.14494434600022024,-0.039941270692342885,-0.034547223704213613,0.033204946115864366,-0.13371116114155168
0.17734020983857154,0.2497185118122516,-0.10930188873425528,0.20783390343042352,-0.091001503903202552,-0.25515082716713111,0.26150326396568779,0.28299006360925555,0.13502240958692976,0.2158601685399722,0.036677999368996593,-0.17891778529084881,-0.13523112622814276,-0.004000322589218069,0.13732710292747513,0.072631015455283596,0.17731025299764591,-0.14869803503562301,-0.25130538986006329,0.059741725361383842,-0.20717366308041057,-0.28930964578879009,-0.27194773688768886,0.1531321610490024,0.063949881072005749,-0.041879566661760098,-0.10959232643885106,0.1952997105074249,0.16594657377148578,-0.048127974546898961,-0.010227933223945213,0.095952047294588214,-0.21724107927451375,0.38677136875914375,0.26187746784853672,-0.027380961752406542,-0.073714128761903308,-0.05417278205259618,-0.02803751386899284,-0.01349759903274407,-0.0040145936666961379,0.12429409630141731,0.10850595249416239,-0.034453613843905398,-0.10288359464493023,-0.11954724580335366,-0.10228025629608777,-0.2962541019959864,0.18537373070316285,-0.17831374099698152
-0.20894396264930346,0.03257624145646678,0.10062071826506074,-0.29664683928727631,0.43839451533252816,-0.019241454995173945,-0.46539520827999059,-0.33012134975070107,-0.46473789596934079,-0.46866163971080671,-0.44208692306163383,0.10239767833107302,-0.016055539411894151,0.41064915891229092,-0.13298804144130105,0.0061864770386016489,-0.3779172271535719,-0.039873427905014351,0.0094022145901997284,-0.028506673818109455,0.0084060045476166273,-0.011971118276364464,-0.0059523329052442956,-0.39448547277271534,-0.019374903324533829,0.0021945298742357213,-0.015988822898090043,-0.40329017982538728,0.079890306408789136,0.67088488356746112,-0.078804697137958526,-0.08736634354348613,-0.0068845483351216629,0.069078377051108267,-0.37651110611608701,-0.017470725760685341,-0.0090662194520793517,-0.0442532120959949,-0.013612870591235133,0.60148648007306282,0.38679211511330952,0.012283357067884323,-0.43222046214295212,0.62969083201789156,0.19575647993125417,0.12353572848709292,0.1154451599309374,-0.002961476268669952,0.013501508015476527,-0.0118002684070728
0.092763587594500999,0.22495511448844108,-0.10059174884287865,0.11798203334032499,-0.090742542215262956,0.065900275379868006,0.233734978367275,0.21660495742847782,0.13232486091993231,0.21816305517379098,0.35986681276891119,-0.1074474520596263,0.13062243308426438,-0.015558284210515231,0.17129099708626069,-0.031676480364823824,0.10436114983432464,0.12710129023664826,-0.20735889738728799,0.12805603066551957,-0.10771388953343347,0.038275669510477603,-0.0067668837023488098,0.19798320352631646,0.089545092075360683,0.01691626613183405,0.068568462856783419,0.1945143700510506,0.031381178706686594,-0.072604612505019386,0.11588035822318836,0.13295451350205442,0.011040099265606385,-0.30932049898234582,0.19957981382596141,0.12609308830775612,0.2115100512615111,-0.023689938360409901,0.019209140730249551,-0.042796769822716282,-0.019956558922407396,0.10243980785648756,0.19863631437623305,-0.054313286688098816,0.047024637866895792,-0.10897145033257982,-0.095623572121357026,-0.13399944903707306,-0.18455496319656553,0.06644438737358116
0.069759332808784477,0.086954361334868266,-0.035813713223566697,0.019981720178017918,-0.037890570619541028,0.098732135554974468,0.0012179058841256709,0.10771682066868296,-0.076064318833774555,-0.090814767917450773,0.083270591820049839,0.0001259459914612766,-0.056250923005934476,0.25601674733281438,0.1632152269227532,-0.04327888646765754,0.017394541553333524,-0.0032977313416161962,-0.14868570172659276,0.0062759932638167849,0.0039710761008352911,0.10861904618192933,0.041273084560938866,-0.067864690105427852,-0.024051066341988406,-0.065975442959869665,0.17165934850998785,0.17387213459246317,0.033036001150787718,-0.12734007070785536,-0.059357587613913215,-0.061364071424371364,0.013435012209686993,0.071313429609857801,0.057066010849848463,0.10166787825387201,0.0942801313070252,-0.13074500710035572,0.043518396837312977,0.0069424158211349998,0.093168166749716091,-0.017367041170488481,-0.1387834676338485,0.057667112537834513,-0.15106426851097027,-0.0081047994852719522,-0.087747935425868936,-0.027968879054842605,-0.062410258505784924,-0.028214985430834363
-0.27947972919263203,-0.34819488736548482,0.051948552054823155,-0.29596560536399064,0.17560244496886301,0.12684403489067825,-0.63550967671690972,-0.51515771256778176,-0.68948391271675646,-0.44151291502658963,-0.4088665505188025,-0.10920084943256265,-0.20098943308468387,0.40681463976767152,-0.13253998120726737,0.11846208827138649,-0.49062406379743184,-0.13147955185597732,-0.050784798011801746,-0.10810392795339552,-0.059621750838128637,0.27058686886349559,-0.081526158371446528,-0.73889806316460893,0.15770927250780142,0.29010355843722557,-0.13059286027573874,-0.55711365967505988,0.08643785406485574,0.36803781605198843,-0.10521374867541593,-0.27342285783357267,-0.23176595148093998,0.030730780093444595,-0.59167127371281591,-0.22471035690008306,-0.079645572133107537,-0.12481729070656478,0.26022154480219878,0.41247044607858208,0.3896714148079084,0.0031108001493471396,-0.5106506142455971,0.37461239032111471,0.27629453901848361,0.086927206829902723,0.11715181803714175,-0.1033054409078223,0.024939186231370546,0.27418821053256021
-0.11497475531873398,0.0092010804909847602,-0.0048088837989098444,-0.018113976809113825,0.10990433100953377,-0.061837718141336019,0.065160933781783142,0.010101367891436444,-0.053952306140673992,-0.1545844246563203,-0.035376812472480638,0.11089579400451287,-0.1167745435877319,-0.096315343902620087,0.098826927650177365,0.0324276404748364,-0.065695135941318691,-0.056384323977327545,0.022633059903103239,-0.1065936403737225,-0.024692692189930782,-0.081199689818712187,0.068317423119682669,0.0026615163510032374,0.17459006700019145,-0.16403419708024261,0.00011262930427908901,0.15009006863217897,-0.034808310952299165,-0.062770400903126064,0.018351371645980989,-0.017540536616400072,0.05739613234763892,0.026726324770945643,0.049821109285679094,0.069291871005560599,0.10134829556780288,0.17889090450278611,-0.0096413060834250677,-0.073235011904590849,-0.01086881246923762,0.031230609137162316,0.096168442660564221,0.011593016435866643,0.14662038528626628,-0.01180839970197727,-0.070633084090885034,-0.0089435375953003295,-0.19140892539410853,-0.1298027210826391
0.17103133314490049,0.0074429116359494485,0.12234500500508715,-0.11481463820516818,-0.051039760188776352,0.045890802500586018,-0.15959165101235995,-0.10751037546317642,-0.082980752875901356,0.051613515275900496,0.022320888187929974,-0.17663944066857895,0.16790264293959603,-0.018112391621162589,-0.042901953625425752,0.036501876430677448,-0.052605130282232175,0.12088116419672781,0.22174844783291825,-0.057334751418677693,-0.017743150181762864,-0.035291751065254305,-0.09173578080063477,-0.21547471781816785,-0.0093587596538553738,0.013932059951886963,0.087976119917922452,-0.010981508673690646,-0.060390358223674369,-0.01584598675707307,-0.12721864955269893,0.064988013232157402,0.041111724476727667,-0.1333297831332973,0.22940922438417669,-0.10959748877636964,-0.10047314945837699,0.06716343960590114,0.2176994219372837,-0.038290353635172983,-0.16765658901713887,0.10412540193884041,-0.017728617379299136,-0.099003914224073522,0.055362418853663567,0.19456377372004111,0.10366243169777195,-0.010076766700247541,-0.096901147440338647,0.044705300289850071
0.078031370390590521,0.139955158381773,-0.092795218898119924,0.013131306191910493,-0.098612532527411353,-0.113192660106071,0.11295405583727669,0.19073461248731921,0.029660932902966654,0.06617509194212394,-0.017732340542828778,-0.20803088236926112,-0.071508018788285804,0.0036300790939336643,0.16131776609362997,0.021657654183277395,0.062497353384348482,0.043194752990415961,-0.06862322755891978,-0.054155377799192043,-0.27049433125472605,-0.14874402224489464,-0.25016233403455368,0.10704929375148718,-0.084878903735322503,-0.041915456693625515,0.048686221552760388,0.10200364724203025,0.11805635393762366,-0.020375831079144771,0.038324299021615466,0.043738393929696223,-0.19406631978037683,0.090045392032469584,-0.0070592470583042636,-0.23585455985278456,0.10939485609201899,-0.15944027818405196,-0.096027236085347717,0.0058039567239601755,0.0080749362318317669,-0.017542055818344976,0.010227512915691706,-0.011023457858846867,-0.047220347012736343,-0.12384354598267923,-0.089848372894617251,-0.28996774099168693,0.065151229634731758,-0.080044098362012511
0.0094994469516623929,0.24279136540176835,-0.06165899891688028,-0.088127939523041238,0.060171557436954771,0.37648021222886474,-0.2795056279892808,0.11121469600574055,-0.33188638494942008,-0.12303234120866315,0.32128413869460154,-0.071049338533999612,-0.099895818643096254,0.28034244959541066,-0.13575414034621905,0.33251912297869796,-0.14653163065797439,-0.13000324690973505,-0.081197027291401519,-0.11315997416439878,-0.10223476493711177,0.32904534807327274,-0.070586568948035347,-0.095986384679058998,0.46834354240259096,0.36009538483133741,-0.21225645652063099,0.096868693334966963,0.060344412960415678,0.096845872179157202,-0.28363241015380281,-0.09712519395035614,-0.13199650134465887,-0.20193079435477351,-0.076004275036450922,-0.27895394428045922,0.3607722460342449,-0.25036568340585746,0.32776392265467347,-0.074544555986509067,0.25822007240417638,0.38666166127510904,0.10725247549100486,0.1422198033535188,0.19071671039253221,-0.15613874261649771,0.015337279118645974,-0.084242953758757316,0.37077519175652451,0.31074592229623293
0.11023436064157965,0.057934702063182922,-0.01637843827413123,0.15847197875867752,-0.0017650281065856247,-0.19317985489691974,0.092816127949291519,-0.093392172777804899,0.067467322023038054,0.10981171909518732,-0.06863587969235975,-0.020831108777318249,0.094280010847199308,0.0042181059771471503,-0.20907603198871361,0.023844223882341219,0.15662051336179703,0.27035275894934524,0.005534278783622509,0.087495441089227202,0.0045542067940371952,-0.21539898770885318,0.021803236992099434,0.064187502280774772,-0.04713303714670225,-0.085244422663620839,0.19183807291898511,0.15537874239829527,0.0033297392822131625,-0.0065588623509770169,0.16961876215483976,0.18697193434445092,0.2492740932046075,0.074882535424720759,-0.0093228068962835,0.22665343007863828,-0.026370260767703751,0.2337197141954058,-0.062557768215923182,0.0068679620684692529,0.0073432977212401019,-0.048857222582776957,0.032071983643178661,-0.0045510048663198431,-0.08091017343173583,-0.019005779592325776,-0.0073142242228417045,0.0056102445140717603,0.035391484987017462,-0.15961301946760487
0.15311957115238689,0.091459806637866056,0.13007508572239371,0.044736004491011276,0.035064550700398961,0.012864429406597523,-0.023806643998551563,0.042715905606085403,-0.042107928289719404,-0.12065138824452044,0.032744980372521715,0.045650768527610949,0.063090065435984,0.075927545659246573,0.05925017504955387,0.02667748495901448,-0.072546682397993431,-0.0061114923852368611,0.01086788411469313,0.21907316166238489,0.0053849444373267955,-0.0070192538304478212,-0.25424351379103555,-0.0053839061447807403,0.17759831948222904,-0.15466557541111478,-0.016036222612814562,0.024160338646016348,-0.19572928083865199,0.11268571258494281,0.066299978423533495,0.096057741256822302,0.020249708143766434,0.13528533870129331,0.14111406492972725,0.049687100916022291,0.0024398219205818269,0.13660099376631329,-0.1757034884669578,-0.15886746408494024,0.13955208136965799,0.12056156796023028,-0.043563551459754386,0.059995923873206396,-0.047751035224076803,-0.10654583702072656,0.034793552441826463,0.12419340780701962,-0.13568850236787661,0.055541939924315657
-0.21557607794101555,0.34646330252930224,-0.11534465450626423,-0.10721885481157652,0.020267952345200641,0.31826403818444154,-0.20925570608376332,-0.28251952108527384,-0.39522355836118317,-0.25698098158587918,0.14521907947815688,-0.52231132077336562,-0.21742410399224735,0.26573419003561649,-0.17177908279887971,0.20948977707120345,-0.31678686189769817,-0.13073977135105735,0.0072419059731849656,-0.15369180169340668,-0.22155308618208863,0.088947420531257537,-0.18149376000256745,-0.11420642394812909,0.22356449574175807,0.41102405507863082,-0.28300914487168544,-0.30511608504013088,0.16900695831311086,0.37605034286502309,-0.18677045565819184,-0.2528243312848914,-0.28051267463213869,0.19924096637651842,-0.12763247991456605,-0.25593339139192711,-0.021444071353041303,-0.26459566402047185,0.24088945721686447,0.28178310069326917,0.3309609787965358,0.33641064523484382,-0.18134710512092342,0.24563569845406052,0.13569847212080291,-0.1150797789891177,-0.056116471512308572,-0.21901259066036433,0.22197446170218924,0.34777860250207104
-0.15327971360591716,0.37002677034113157,-0.25930210269450138,-0.17625620843273049,-0.025991386331632966,0.49261901666967345,-0.23515798209840091,-0.12667167971346735,-0.15251200779254939,-0.2401083192388597,0.28150741269989882,0.035406372919174811,-0.29020327528877177,0.2807764274338852,-0.2461134986473944,0.44580426736186585,-0.20681816026224256,-0.30630890056870025,-0.13618827174902137,-0.32100117526239841,-0.41187573613598832,0.45686107727388364,-0.26910113464968594,-0.15990103662269262,0.57045242232551152,0.47281797559984157,-0.41454041670001446,0.097830732652062505,-0.094749840104517147,0.087848646126504004,-0.21650703308210764,-0.29489955524498584,-0.33673414750145897,0.018970176814573664,-0.072773693156654842,-0.30481560597902013,0.42279803632992385,-0.31785433326952911,0.65766302763681728,-0.041880048023906845,0.30578131662066033,0.56184399426195453,-0.17047345232507014,0.19144127383245202,-0.0087675171724260152,-0.18725284031132877,-0.16536164967364392,-0.50861424556498069,0.68673495255751715,0.58464402111336522
-0.10404305924257465,0.16993879822522803,-0.1589646281219988,-0.12087261762347862,0.026075557859471198,0.51004858936018926,-0.093309686990936169,-0.092253918753627207,-0.13386320574295713,-0.10455797440068228,0.1862264896943952,-0.043037622911339724,-0.26093783503937623,0.18312116964431727,-0.14596261931573076,0.37834888244213588,-0.14831534429412355,-0.28268280290743664,-0.34679619774428544,-0.25830191885682552,-0.2148993059783311,0.38156213099415009,-0.21813447749184889,-0.19174150727391792,0.55102670937646858,0.20754042804347805,-0.25995642792129098,0.074278844453725207,0.31443873252798304,0.13022718069541273,-0.21481665777617676,-0.214500423842337,-0.25444200669682537,0.18126966989496263,-0.1122353445958124,-0.26502290711422399,0.36192289636452979,-0.35700870567125631,0.48485421804231432,0.081607070586883046,0.15299559644814539,0.30752718302577442,0.003864885700491242,0.31822149673787098,0.31924231486568461,-0.16356230040781114,-0.06378872702685208,-0.37139997457856355,0.58854880847716218,0.54038249486570056
-0.10311657181954755,0.27011846363232295,-0.10065607548150679,-0.22974567956183328,-0.22159548154991757,0.12338771364548913,-0.048696438120900125,-0.09118409387895883,-0.15376527227482395,-0.16275123535632202,0.096830004162139285,0.01624778342950178,-0.24207438679614146,0.28645302508818277,-0.1082032792543859,0.45293788945718261,-0.041252817712226331,-0.13645508499582329,-0.035898550047963482,-0.19468097051637423,-0.14111686421487926,0.3645026315088094,-0.1278601431001255,-0.21997010337347686,0.34564609140811586,0.32599384793900316,-0.14864912778846551,0.27983639013141243,-0.013276730822022414,0.1903269721042552,-0.11901171390351091,-0.12489581393853134,-0.22059426393181378,0.21369472378300003,-0.067362348942163947,-0.27237511747050169,0.3986125734538204,-0.30154661089229412,0.29211524462226129,-0.10685672288600785,0.38210910317275448,0.47352880328162561,0.3760996322233135,0.09129562924852111,0.25692245360092569,-0.19847950891832503,0.031862721337545315,-0.23930077925713403,0.15692705786921871,0.43061829448411731
-0.23914216175887532,0.15783231750037124,-0.073333303653846479,-0.27795340123434631,0.39707261826841317,0.0071889635293214075,-0.28646957540928303,-0.27462498814111708,-0.30624556237804035,-0.29708585395800952,0.24580615090813954,0.0034153232609523921,-0.056110069888852206,0.33278591504197569,-0.08451644885634739,-0.00036386439502998993,-0.33829585406543911,-0.056196064495490604,-0.0063094085977440121,-0.086646512326222835,-0.056686473782172321,0.0031106813459641624,-0.11216719061662112,-0.2478031603664527,0.040118245322641292,0.090372044783801314,-0.039708525424943006,0.26116695170312909,-0.21338379045792211,0.44326315193069737,-0.19332974680056705,-0.11811166994300008,-0.05285430828247395,-0.36146076434558239,-0.19636605169957302,-0.0082946391365744544,-0.013032446457315168,-0.021259094701220647,0.02205652973950803,0.58529474561481976,0.36260720549049413,-0.013307452343851498,0.11292430477608364,0.38054445019045041,0.23196429871060753,0.16373213765160419,0.1599600621372734,0.031261770533793636,-0.0095009897243032351,0.069188677180408387
-0.017073120456320659,0.65625313661903462,-0.19439643475991891,0.029794445261023782,-0.10246394832146694,0.25924387071955196,0.070298590707027833,0.047265499254825268,0.065640762621560975,0.16113530043337612,0.4068846262885199,-0.14486495992714837,-0.073160265230229601,0.012988543042191807,-0.025894792905452831,0.1250815381599234,0.089148849891953375,-0.068817367976985303,-0.066574508150129441,-0.022256541169766976,-0.34636733284203469,0.31766786225792393,-0.13367221821738928,0.014320845115722224,0.24344649513758024,0.14376511484443771,-0.070425476763940592,0.37202407569516621,0.50583549707112108,-0.18530967679670973,-0.04475523329716747,-0.054947039863773618,-0.059133727772346767,-0.58567716877159004,0.054461351547987175,-0.048216014103858049,0.3344104762287925,-0.037191355453482788,0.18421832363700263,-0.22381071455726406,-0.02081062826030862,0.17641427260513981,0.52022496311368038,-0.20569472427257632,0.13096270758404183,-0.21555122351548289,-0.20475718723855102,-0.33275715784248378,-0.077769691849557163,0.23343439199861132
0.11880018598324078,0.092774714619878754,-0.10560974903025347,-0.033320369246064928,-0.045413745181388541,-0.075606896016323671,0.038765525400726759,-0.11231271682234523,0.034915405806311507,0.1424219450729379,0.079133231384099723,0.014233549370161231,-0.18487316602888446,-0.08272789002008217,0.0040637724874044443,-0.0046673993867131875,0.0083748615970662254,0.024321687870677851,0.059819633200249744,0.13047447393486011,0.016029711538051876,-0.1623041379317236,0.096185060440076797,-0.12666851817358585,0.021836705903548918,0.15684261420165502,0.086444661385399704,0.041502972024445278,-0.037309776862960047,0.014105643985327921,-0.068501800561748358,0.044108928120690401,-0.068684977711185285,0.081754762222048652,0.054987150441786141,-0.11979018546150762,-0.040308133087007425,-0.099161779111901313,0.04521297084765831,0.04903811278493455,0.021019217103612434,-0.010960451004335899,-0.04703442164455271,0.01707631690506153,-0.066304463689160403,-0.032806158363105464,0.042786029087179558,0.13948909906726145,0.14284486026869145,-0.047757981763670063
-0.0043868657860787769,0.45046634946868869,-0.18568338208818205,0.080836392508533625,-0.10193017489303112,0.23465840026650639,0.024381672091474169,0.089081796536890107,0.19648078721254977,0.20795922939629768,0.22362896850705974,-0.15177193739718484,-0.048188982820107563,-0.0049604916258512146,-0.046510171201980872,-0.053114173341148638,0.04804919833676103,-0.072970244253522942,-0.063991491332520606,-0.073836286745415494,-0.33956492156380252,0.24445388671409876,-0.16390694498568728,0.034650757678101406,0.30815853909830254,0.11045354866423528,-0.021180226378438465,0.33181355544972019,-0.22698515939652986,-0.1522610035273613,-0.010825200790471366,-0.031324802529863457,-0.075426351008660228,-0.45360630303861393,-0.019007041234320194,-0.086331132292270574,0.31447044553096809,-0.063098055117464094,0.20527217646076737,-0.13882081450351497,0.024286446834832973,0.23070198424126612,0.2875439410813041,-0.05229864470161931,0.10962241264444017,-0.22099820925118377,-0.16244558636203518,-0.27765454920996591,-0.1731421973073945,0.2477829754936883
0.00089982409227099794,-0.039406526385973757,0.11349917293738304,0.077565728417127985,-0.078074691286716513,0.21256708920262116,-0.19648880394040141,-0.092114993164568129,-0.09684237749615561,-0.059172965706875413,0.14240231364658198,0.02678068025779819,-0.056304016630058601,-0.051484907352935566,-0.074479244343469933,0.12925659701346762,0.156530436738861,-0.012916389324047551,0.065933254399120164,-0.0974030499477401,-0.17586792448050914,0.011150268403966516,-0.048026446867532602,0.057581261436043508,-0.03113686115398134,0.094672690970055068,-0.044836905502825396,-0.12642487750857676,-0.017986314971654278,0.10378838830285182,0.19800257999448506,0.075000301697890792,-0.20242817839490146,-0.14472021862587789,-0.1142387550345198,-0.15200651280165647,0.12232033648504684,0.091174768123160457,-0.025971378551993187,-0.034695632789409396,0.084217256029060036,-0.11481096855381026,-0.023670487702895267,0.061738103810567539,0.034450392488420079,0.0053603579853537435,-0.065251803206454337,0.088110761270144236,-0.052078543129506973,-0.0049835769060314929
-0.10737073845068805,-0.063430468137008478,-0.059962986895258988,-0.1039521930872145,0.012434169894169475,-0.097189879683438868,0.091390897905701818,0.061458405944643274,0.044555055379925317,0.093680766752490319,0.084084411412022567,-0.13532481266977633,0.099500258659831073,0.090029540601472571,-0.059542427055523733,0.055389215503278556,-0.25506469871318188,-0.089935684314898096,-0.080649307553849303,0.16054738780546315,0.052445870590293021,0.019069809459726042,0.013006942306227868,0.13212592123399181,0.010060364423275818,-0.085586649215444163,-0.010164655876475831,0.12944698858727238,0.042722426967980634,-0.046128033939881949,-0.059676372204088071,-0.042523118898888802,0.12788627697902255,0.13008785129290196,-0.12808372279046218,-0.18875586704937972,0.025694805243075897,-0.083453308822039982,0.056298517433967354,0.058115491063322811,-0.037532048742008203,-0.025978149109596692,0.039980974483024741,0.073233683355917858,0.023607564127181551,-0.031611447682507829,0.014646074414531397,0.0704462436495292,0.038467000180894217,-0.010102218763005882
-0.2263482650085237,-0.042680416585297122,0.32797907639455132,-0.23316333399842881,0.34941875890533025,0.037727972966282254,-0.31517600369184323,-0.26899584816748801,-0.32778220154246357,-0.29870301197602545,-0.32419685118266084,0.20701063393521521,0.018334769949770159,0.48661972608337956,0.17723518069572028,0.010705065029808785,-0.25007290327225706,0.078991243332526814,0.065377162832115129,-0.044773505202492347,-0.14775292755740077,0.029943788873804472,0.16782250202260912,-0.28599412166029542,0.0068941947100386513,-0.039345161146345384,-0.043857575229755183,-0.30332043108306622,-0.024479246122487971,0.63652931161082904,0.044037115140105852,0.09305400537532664,-0.0010535974645441188,-0.046101446874640496,-0.28757443308611563,-0.0076655490958268168,0.0070146235432198773,0.047825858810090632,0.011996075514843028,0.63414941571655259,0.39808089894702348,0.0082518790925351533,-0.21532398208363271,0.51118937398114273,-0.051676876852997593,0.21021300107147295,0.28324346775537212,0.093059942762756129,0.0065456156742912091,0.0023531439953656664
-0.088500461869732622,0.018142255054832714,0.067103372703031613,-0.10949882277975086,0.087464201200859251,-0.009904083347114576,-0.14322613809324475,-0.046117912456950412,0.06482253105769839,-0.073413771120675639,-0.065881450158106175,0.11037236842478451,-0.0023160457953057888,0.26783820848060802,0.0050008652040804541,0.10975150779639919,-0.015631624604133972,0.060588999563037954,-0.055959492612901229,0.18418079040413896,0.056678515084785844,0.04104688552016434,0.13185483819018834,-0.048094777605675057,0.12338099595857475,-0.13833962405096761,-0.0040097334345325121,-0.067198788941754115,-0.022770831705033565,-0.079300370996999631,-0.055227767326005484,0.10818518130659636,0.062905622761398758,0.15248950565584812,-0.050976299928885561,-0.070305596954771163,-0.14787334949353315,-0.044995682582725592,-0.0015742016512819417,-0.06627814458067964,-0.1297078173240209,-0.1992637249393589,-0.1460198003492246,0.049290944377149509,0.13052181427150172,0.096352921150051618,0.15835070722324801,0.052515581268847027,-0.12280512776763215,0.12276501109391985
-0.037695884248554606,-0.012127123736483354,0.051398388122743333,-0.049134137014162749,0.065386040537907447,0.16382566687378797,0.10660566492971064,-0.029320321730527722,-0.099659947012848069,0.027982388051329361,-0.043198287283104632,-0.3034473668503741,0.16704501678290784,0.23243006304471359,0.099912906476249938,-0.10134000509168556,-0.040186931470838232,-0.05471086038971025,-0.10585749077922191,0.17383756572800718,-0.069060698758686964,0.10270058618495247,0.021090760666095328,0.053998455774075797,0.09481350885691249,-0.076150033024728031,0.039743316600515978,-0.042500855476515408,-0.0007100620446611266,-0.0030655707488382688,0.13594303099429803,0.024757035311246935,0.11283968277689622,0.077824287804845821,-0.079111503173457415,0.11737211541742974,0.16270813943680112,0.028188124487447109,0.18501088535351684,0.066164350347752129,-0.19922156386835854,-0.17070689462432892,0.076012337816487072,0.00057377555759461458,0.28922088068682417,-0.06158551040379974,-0.074017550936929064,-0.23892788474614429,-0.19765183262675481,0.2183683154435129
-0.10309363286758357,0.2018900080300953,0.087293810247937503,-0.20320939531895699,0.11687407931824433,0.36179697001556965,-0.32834891449387393,-0.46712080673190087,-0.41393395215181195,-0.38366317836414954,-0.025323044368148962,0.017380070088312109,-0.28897458743465454,0.3926373341579435,-0.27778449913745223,0.38977881902668193,-0.1311749062087271,-0.30030153686524541,-0.073739978759023911,-0.21121012091342092,-0.25220241522419728,0.22327475298256608,-0.1896644352757654,-0.24482984634397029,0.3160452261176826,0.40563241463930388,-0.34221913728868864,-0.21650507313725376,0.24107425296180993,0.21390721118923492,-0.30631343048085719,-0.31104668799670165,-0.2967603639802367,0.23847975907342867,-0.39044265342404527,-0.44328983585157528,0.41858055507807507,-0.44018866672664547,0.43445730751759321,0.16017100020185995,0.25289275899566371,0.35496681202279262,-0.11128505185978428,0.30327911841998134,0.51804801473427198,-0.11187995742279239,0.037136788614135934,-0.23892177063679235,0.4078043812155463,0.25561821341684382
-0.094701938994518342,-0.054569818586536804,-0.18673869765703635,0.082695310699254412,0.11713267758915927,0.17058078138445346,-0.029902359915059053,-0.021658746526248079,0.091932839970022384,-0.040640181366453046,0.01149289698401614,0.16648710648145332,0.22470546784062334,0.088888938110023241,0.059026009780203739,-0.14761795712616169,0.011052651379295527,-0.02591965161647599,-0.049495362997363755,0.079929822485883761,-0.04138798690769617,-0.13946045115672626,-0.0099177358319677694,0.23475342401518404,0.025039986916581901,-0.059768790679824518,0.17675614416849811,0.022970299120853764,-0.021130816364841581,0.12717652463152967,-0.17090225037425888,0.015212092684001022,-0.093987120211897549,0.050855575437146389,0.052737542772298557,-0.0036223697544835358,-0.12007969677695199,0.0018031936083267239,0.024649089082267019,-0.076303710765955116,0.21046729324304028,0.087284493942941604,-0.063408816109191538,0.020268902344111883,0.040639812708520087,0.20382594945378388,0.038743631955982592,-0.012913429253689341,0.078987823137859209,-0.028679019324430836
-0.094195800874748756,0.17587990523346572,-0.044557197400760272,-0.23587608774926866,0.18592793631216414,0.2902742129393221,-0.30075809777186541,-0.24794462562161071,-0.17706128414230043,-0.33577006112353391,-0.17179846912210506,-0.11240937204619222,-0.23306687642551807,0.3743962107878589,-0.4153888671531803,0.12374510252320033,-0.29446784016821842,-0.24533046380270895,-0.060729089647545469,-0.24781743111023896,-0.27662880035727411,0.20688841900823374,-0.14737684164733528,-0.2922242753697315,0.32020770609500221,0.40028840829022921,-0.29825787262586129,0.25520624022824823,0.057054467213421681,0.37229952842615344,-0.33335931831140664,-0.18985673754854818,-0.16430607738607358,0.13092606929531109,-0.13631815875309794,-0.32638523951114873,0.18559348074593879,-0.38989994917836351,0.28739008324152482,0.14129538733323249,0.39187057317648305,0.20592164634305207,-0.27420535133013368,0.19877270809645931,0.21717165475199721,-0.11351580187810367,-0.074252801409011915,-0.36268513415105491,0.095496575984349963,0.39811384514797538
-0.44871957949615771,-0.096659922149429797,0.16250682537390695,-0.35515020647362971,0.39610211878438945,0.045614393162893008,-0.52173803866131485,-0.3074471793690009,-0.47387660125350234,-0.53410228398382464,-0.069275465064384062,0.1262867805604079,-0.016726999885502303,0.60051216782393835,-0.044977038907553391,-0.0041325989284630438,-0.54728852221629798,-0.0054132863441323431,0.12105279913065697,-0.014558621840735616,-0.0011793028347126043,0.029447121086758794,0.02633356122130082,-0.44098978389552734,0.013633936583722415,0.038530127788421825,0.014770342144069026,-0.25311352904304096,-0.13977689821365871,0.61992470302671954,0.032652872199235662,-0.036933440586105801,-0.0046973181041643159,-0.17379472724549863,-0.46516957005243481,0.013020076521683948,0.0014128745948799465,-0.011024987393049289,0.042007795016217979,0.67953105686814508,0.091717734138851176,0.00060877410407574463,-0.30094717578850405,0.53313567628459579,0.022658906986069614,0.20846164540849491,0.29933167098554425,-0.0026583892410214373,-0.0035214571550095265,0.03169499462701255
-0.18017318011583955,0.090986571647082529,0.0092923328395259734,-0.053668854239712398,0.12958422500966019,0.0096199477988916718,0.059426823053760604,0.13863278322675038,0.059063959996791753,-0.093840313415097854,-0.12274941353195001,-0.12751228782600735,-0.12338119571906699,-0.062390954123089287,-0.020517987410929521,-0.020188023945619769,0.022955212049968032,-0.012231647784934893,0.15955675865208763,0.0037395704751753871,0.14694754048216771,0.057744915307781891,0.21241656375295526,0.16263135929087502,0.094955166280606185,0.01596834941989619,0.011283229498349756,0.00018039240488103124,0.044357163262152575,-0.021542307112537989,-0.019717467512171717,0.14603678033659806,-0.072977413065074631,0.098961361840162756,-0.12382648856671322,0.14622596923418976,0.048933298697180716,-0.24357775396855766,0.05525861629880377,0.12830587065113783,-0.041737212403658512,-0.11049523404820319,-0.17203568639720623,-0.0054528813911514573,-0.06663712218453037,-0.035319655459305738,-0.037386834849061155,-0.13663708159402013,0.11974376362180779,0.047167044878633872
-0.21632355109592113,-0.08455246301088927,0.2811255470926291,-0.0043062436793506976,0.072449882424185277,0.019917287742609594,-0.17593523846737794,-0.12508568544250367,-0.090476116573229154,-0.19087996893732073,-0.23997869105395025,0.06069641479843451,0.0017109242608884605,0.24774242766627136,0.10490213559008023,0.029607579229839299,-0.18243673869015592,-0.035170148784752803,-0.069110587939901588,-0.064543202122730556,0.073575774745257616,-0.019785411897334466,0.047580456904466092,-0.083878467177290889,-0.0068038849771195047,-0.038767640907207669,-0.0075018578442258245,-0.15641354209875744,0.02493764121111566,0.40115434649783449,-0.072933332600726458,-0.29681399161690541,-0.015837854551121036,0.057309155214474002,-0.18079413052911936,-0.021414430851345052,0.0067572415293500809,0.034658972670392051,0.0043511768980236815,0.28315905048768286,0.37426292154026636,0.026910178023740846,-0.19180318194715856,0.32725211240273755,0.025782833299261568,0.18407097513442106,0.16411354396690134,0.054840217092198225,0.046081714635276799,-0.0073936884163991676
-0.12450339698622716,0.28119033486709921,-0.26089305537501167,-0.10347529538341177,-0.20999203935995744,0.37173748036105314,-0.14248626103296766,-0.12933776990400406,-0.15565157548643702,-0.059645294404476641,0.042035311990248521,-0.11873211373843627,-0.31489185124063773,0.23941586802524428,-0.1650931306844986,0.22333912089624416,-0.18195386278567746,-0.27790271727929122,-0.10281498274626941,-0.32190356598102532,-0.12779265101961082,0.11705197662679501,-0.12877765722657206,-0.26796626643958965,0.019110810881385762,0.39503003087859428,-0.24332386157180824,0.15793345902809866,0.37597993524752105,-0.03277726149050391,-0.16238977249954933,-0.14620472093384829,-0.18905218636317009,0.36233758268046173,-0.14566828717044875,-0.24213444727042549,0.37075476240478844,-0.18217280144382422,0.48241820863865875,0.075543311742199526,0.098069523922148766,0.3901631972438,0.14003747118916643,0.25141682608628851,0.16528661654068508,-0.22181387460431001,-0.17161975564068918,-0.065574929816028374,0.28823261281375995,0.033300631112852509
0.081708004079193042,-0.13690831283778204,-0.28270476073959666,-0.2272348411991118,-0.21391711791874585,0.65912354728851585,-0.14514948037186279,-0.064724712686795041,-0.20028279894862472,-0.22561549408582759,0.25210217525093992,-0.23163203568867954,-0.3605118652191559,0.26543022064102467,-0.1816091066886906,0.59953430159688736,-0.25584988955035709,-0.25597765316576521,-0.32174035528448319,-0.31173831482657222,-0.41499675432883587,0.42039721453606266,-0.32863020251693709,-0.13985735455113352,0.60955974034623106,0.43074113625692406,-0.45743489188294684,-0.18208941079731092,-0.012689825468124716,-0.20106786955195666,-0.37718676300754678,-0.25712747737404934,-0.39680976830675802,-0.0023053068900523222,-0.17470119513258314,-0.36685184393984532,0.60261294295599765,-0.33341297871699238,0.6383524464587722,0.21639567871244858,0.42440129343911093,0.5922178630182563,0.18550556271003585,0.10867132127265944,0.25515933037183841,-0.14660839161849618,-0.029311816343944759,-0.54656199780129067,0.63659603344407512,0.50429576567294421
0.0071785483655297036,-0.0089696487975790083,-0.11006281187551879,-0.070400045008068873,0.036650168572418478,-0.0086821345170293961,-0.050593853326361932,0.05827290451216946,-0.00096546616592749039,-0.097706896143647456,0.046569763217615266,0.071137520106514709,-0.010030155413281585,-0.038938435222267115,0.12269181019469988,-0.062420608055299115,0.0021268171514491302,0.071116255120439328,-0.13885301798752164,0.16146069886443173,0.20758013894279898,-0.0091235995092802218,0.046049184349843592,-0.11305838786491536,0.050682481500923596,0.034325124983635588,-0.11164640665079105,0.11561613177053537,-0.012263133756200121,0.0017088854904667027,-0.25571110531326591,-0.1584283495838486,0.19899996271209108,-0.10527614155744687,-0.12663414815503812,0.02335737353046308,0.032527543704934603,0.07733692733606444,0.042321728898344638,0.033211231228773272,0.12437877103619016,-0.13984162946315376,-0.12490105131134382,-0.1123073272831388,0.2285763961637447,0.0090770177322120407,-0.075661603191640447,-0.034032373361955109,0.14157625430335385,-0.03003223474636417
-0.0055451636356904938,-0.04821074070616585,-0.11523734996524444,-0.17097999414774298,-0.020858010064579241,0.026581721416269785,-0.028384477758273637,0.0410334599940506,0.13727099127886594,0.36312234314424857,0.074004968079588437,-0.089243186688178183,0.010831126402203295,-0.055374098596405845,-0.17988668780118655,-0.13526737920496543,-0.030015393638608619,0.00028474498067850034,0.019766997602112622,-0.034075362098536364,-0.026390464466689714,0.044539863773604173,0.034886247247085479,0.083019399115927262,0.21264184706952341,0.20925168432806421,-0.039016972275680462,-0.20973852453805319,-0.080498183076445837,0.078318799859122684,0.056558676834401016,-0.13438174429455169,-0.061969413702836408,0.010088364586107186,0.079795957409289742,-0.058438518028293432,-0.10195007476213458,0.039182713970407151,0.00699354236651583,0.088329894995887559,0.064575219270435247,0.12468945286378422,-0.17369087873855704,0.081350701453030638,-0.13603952612084641,0.013417430092280608,0.22095935233323272,-0.052145344158838092,-0.27985104178572051,0.0040974896374423855
-0.25488395091137162,-0.031526828436552828,0.23510317384323179,-0.16212097591634736,0.2478837918270034,0.020516953094468996,-0.37698458147518121,-0.19964196838682624,-0.28273278625167986,-0.20538314021605047,-0.25759882304238296,0.20635891648195051,0.013248528464058541,0.40300483382188407,-0.010001124242288197,0.0015196298382243942,-0.36632818912740694,-0.045877243429020144,-0.20269163033757931,0.062505543781793779,0.041354235066574742,0.023587513270511111,-0.015821313837345592,-0.39511957161352684,0.0088772622040195082,-0.0067722321168849822,0.017965791177383058,-0.20980718444584059,-0.010893621972592775,0.55119229703885231,-0.059025187673122113,0.087109945408359465,-0.0011757899588330386,-0.0033789500425806971,-0.30326767220415046,-0.0053333669637088341,-0.0030140184755075572,0.0014049946266209072,0.0019920412534485676,0.43418983851159848,0.30486381922030731,0.002474092878804339,-0.17137085338209096,0.41622449964977731,0.045898611535297174,0.31719089065628636,0.21121537212529226,0.051538360046671443,0.0043360653726746976,0.022100687341803635
-0.19368671707622276,-0.046396445444967939,0.15074389922336362,-0.025978832947858198,0.20761726775480013,0.039494452994430773,-0.26334527122899692,-0.22702322587825546,-0.14108337202217833,-0.18373468408624613,-0.18127516108298017,0.13297335179686062,-0.0085806409775382956,0.31417675914818666,0.02380911285125548,-0.00058628169660987744,-0.24756732570262602,0.024207044574117452,-0.011918382185280603,-0.011102925710952687,0.072319997863542554,0.024913479159730707,-0.014602053181058125,-0.18548206388739907,0.014595192960543004,0.004406251824977188,0.01387701578779971,-0.16473652725489532,-0.10643681148664198,0.40084730486949649,0.034383912789928091,-0.014489917471460391,-0.0042919774739536183,-0.094686080780587489,-0.20038723482160703,0.0014606911511440797,0.00061704459165271334,-0.0039878676402630613,0.0048131960323363442,0.4646687548866143,0.38970722375219524,0.0026363469975536728,-0.10553780557676963,0.33815288716201791,0.073249507112126744,0.109552090735531,0.1059009295438459,-0.0031948798227014875,-0.00217159052479318,0.025609767674940036
-0.16867227268858459,0.061442224792187375,0.36849452072875583,-0.15214120449350713,0.50204184507819161,-0.17557214751733943,-0.30204992115300827,-0.18047585738317179,-0.23166674612636268,-0.34688095364914101,0.060242640198807346,0.35441773312527375,0.0066083390450297434,0.24304959247476049,-0.099532778805021316,0.038484866245472309,-0.33387551635612822,-0.036841091836353208,0.12687581292810166,-0.089216896666577353,0.16095277896065111,-0.16748953681833958,0.15557827595329293,-0.2724342260485304,-0.054175117959548443,0.095093470738585373,0.10707367838079954,-0.069717271274973042,0.082746012703117322,0.36335147609351004,-0.081887101058693637,-0.042498364181145963,-0.02488391752894218,0.13886608362998856,-0.10122807064777592,-0.15909482898970806,-0.032044859750175153,-0.041231579298315536,-0.0075250187036944869,0.56277994007601606,0.40468253428194073,0.011959039771181269,-0.13829044748165287,0.5697049473371204,0.0081947758207201668,0.32830373724130285,0.24968245660165256,0.25000567401869739,0.042464229802528862,-0.10229941482900246
